Title,City,Price,Time
Appartement haut standing à louer,Kénitra,7 000 DH,07 Nov 2022 12:25
APARTAMENTO DOUPLEX AMBUELADO,Kénitra,9 000 DH,07 Nov 2022 10:33
ابحث عن شقة للكراء,Kénitra,2 000 DH,07 Nov 2022 10:32
Appartement a louer,Kénitra,550 DH,06 Nov 2022 14:01
Appartement à louer ou vendre,Kénitra,3 500 DH,03 Nov 2022 20:22
Duplex residence de luxe,Kénitra,700 000 DH,30 Oct 2022 18:34
Appartement de 86 m² au centre ville de Kénitra,Kénitra,3 500 DH,19 Oct 2022 11:02
Appartement à louer à,Kénitra,3 000 DH,15 Oct 2022 10:40
Appartement pour location,Kénitra,3 000 DH,08 Oct 2022 15:55
Appartement Meublée Neuve,Kénitra,6 000 DH,06 Oct 2022 20:36
Location appartement vide mimosas,Kénitra,3 500 DH,05 Oct 2022 12:38
Superbe Appartement en plein centre ville,Kénitra,6 500 DH,03 Oct 2022 10:33
Très beau Appartement en plein centre ville,Kénitra,6 500 DH,03 Oct 2022 10:32
Cosy Appartement de Luxe en plein centre ville,Kénitra,6 500 DH,03 Oct 2022 10:32
Famille cherche appartement à Kenitra,Kénitra,1 700 DH,01 Oct 2022 22:30
Appartement à louer,Kénitra,2 400 DH,26 Sep 2022 22:17
شقق جميلة مفروشة للكراء اليومي القنيطرة,Kénitra,2 000 DH,25 Sep 2022 21:23
Appartement a loué,Kénitra,3 200 DH,14 Sep 2022 05:42
Appartement à louer,Kénitra,5 500 DH,05 Sep 2022 22:03
Appartement 96m² en Location (Par Mois) à Kénitra,Kénitra,3 300 DH,22 Aoû 2022 13:36
Appartement à louer,Kénitra,1 600 DH,09 Aoû 2022 10:22
Appartement à louer,Kénitra,1 600 DH,09 Aoû 2022 10:22
شقق للكراء,Kénitra,300 DH,08 Aoû 2022 21:43
Appartement à louer - Mimosas,Kénitra,3 400 DH,27 Jul 2022 10:16
Locationp appartement,Kénitra,5 200 DH,22 Jul 2022 13:28
Appartements  meublés  à louer,Kénitra,250 DH,20 Jul 2022 22:33
Appartement à louer kenitra,Kénitra,2 000 DH,19 Jul 2022 16:52
Appartement,Kénitra,2 000 DH,19 Jul 2022 09:34
Appart haut standing val fleury,Kénitra,3 400 DH,17 Jul 2022 19:14
Appartement a loué,Kénitra,3 200 DH,14 Jul 2022 15:24
APPARTEMENT MEUBLE A LOUER TRÈS PROCHE DE LA SORTI,Kénitra,5 700 DH,04 Jul 2022 11:39
Location appartement,Kénitra,3 200 DH,29 Jun 2022 10:35
Appartement meublé à louer kenitra,Kénitra,500 DH,29 Jun 2022 10:34
Location appartement meublé,Kénitra,6 300 DH,20 Jun 2022 15:35
Appartement au centre ville de kenitra,Kénitra,3 500 DH,19 Jun 2022 22:05
Appt meublé a kenitra,Kénitra,600 DH,18 Jun 2022 08:32
Appartement a loué,Kénitra,3 200 DH,15 Jun 2022 09:12
Appartement meublé,Kénitra,6 000 DH,09 Jun 2022 17:24
Joli Appartement à louer à la ville haute,Kénitra,3 500 DH,09 Jun 2022 09:24
APPARTEMENT A LOUER AU QUARTIER  VAL FLEURY :,Kénitra,3 000 DH,07 Jun 2022 11:02
BEL APPARTEMENT  A LOUER A MIMOSA,Kénitra,3 300 DH,02 Jun 2022 17:04
Appartement a loué,Kénitra,3 200 DH,28 Mai 2022 16:04
Appartementa louer a mimosa,Kénitra,3 800 DH,27 Mai 2022 18:12
Location appartement mimosa,Kénitra,3 200 DH,19 Mai 2022 14:09
Appart a louer,Kénitra,900 DH,18 Mai 2022 16:03
Appartement à louer 78m² Centre Ville Kénitre,Kénitra,3 300 DH,09 Mai 2022 11:23
Appartement a louer (nuitée),Kénitra,500 DH,07 Mai 2022 22:28
Belle Appartement en plein centre ville de 128 m2,Kénitra,945 000 DH,29 Avr 2022 19:05
Appartement bien ensoleille kenitra,Kénitra,2 400 DH,27 Avr 2022 10:38
Appartement meublÉ À louer,Kénitra,5 500 DH,26 Avr 2022 11:53
Location appartement,Kénitra,2 400 DH,25 Avr 2022 20:57
Appartement  location à la ville haut,Kénitra,4 500 DH,25 Avr 2022 12:19
Appartement a loué  à la gare,Kénitra,4 500 DH,25 Avr 2022 11:37
Apparemment à louer,Kénitra,3 300 DH,21 Avr 2022 16:03
REZ DE CHAUSSÉE  VILLA MEUBLE,Kénitra,7 000 DH,15 Avr 2022 10:29
APPARTEMENT NEUF MEUBLE AVEC GRANDE TERRASSE,Kénitra,6 500 DH,05 Avr 2022 14:16
Appartement Maamora,Kénitra,3 000 DH,28 Mar 2022 09:59
Appartement à vendre ou à louer centre ville,Kénitra,2 900 DH,22 Mar 2022 10:04
Appartement,Kénitra,1 300 DH,03 Mar 2022 14:59
APPARTEMENT MEUBLE A LOUER A HADDADA :,Kénitra,570 000 DH,03 Mar 2022 12:13
Appartement centre ville,Kénitra,4 500 DH,24 Fév 2022 11:03
شقة للكراء بحي الأزهر سيدي البرنوصي,Kénitra,2 500 DH,20 Fév 2022 19:35
شقق جميلة مفروشة للكراء اليومي في مدينة القنيطرة,Kénitra,400 DH,16 Fév 2022 18:23
Appartement de standing, à 30 minutes de Rabat,Kénitra,12 500 DH,15 Fév 2022 15:54
Appartement partageable et non meublé,Kénitra,2 500 DH,14 Fév 2022 14:33
Appartement meublé à louer à Kénitra,Kénitra,2 300 DH,10 Fév 2022 16:02
Appartement a loyer,Kénitra,2 000 DH,07 Fév 2022 09:50
Appartement meublé a louer,Kénitra,2 500 DH,04 Fév 2022 21:33
Appartement meublé a louer,Kénitra,2 500 DH,04 Fév 2022 21:33
Appartement a louermeublé avec vue sur mer,Kénitra,8 000 DH,22 Jan 2022 14:37
Appartement a louer a kenitra,Kénitra,3 000 DH,18 Jan 2022 14:57
Appartement a loyer,Kénitra,2 000 DH,17 Jan 2022 14:52
Appartement a loué,Kénitra,3 000 DH,07 Jan 2022 20:05
BEL APPARTEMENT MEUBLÉ À LOUER.,Kénitra,6 500 DH,05 Jan 2022 16:19
GRAND APPARTEMENT MEUBLÉ A LOUER AU CENTRE VILLE.,Kénitra,8 000 DH,05 Jan 2022 16:19
Joli appartement à louer,Kénitra,4 000 DH,03 Jan 2022 14:20
Appartement Neuf Maamora,Kénitra,3 400 DH,03 Jan 2022 10:03
Appartement Meublé Kénitra,Kénitra,5 500 DH,02 Jan 2022 19:37
Appartement meublé à Kénitra,Kénitra,7 200 DH,27 Déc  15:06
Appartement a louer a la ville haute a kenitra,Kénitra,3 000 DH,17 Déc  16:22
